,tweets,id,length,date,source,likes,retweets,sentiment,pnn
0,"The projection ‚Äî a guess, the CEO said, not a target ‚Äî marks a major pivot by the world's biggest social media comp‚Ä¶ https://t.co/4NT0kUGymG",1263527483539939329,140,2020-05-21 17:50:01,SocialFlow,0,0,1,Positive
1,Some Salvadorans praise President Nayib Bukele for taking decisive action that may have saved his small Central Ame‚Ä¶ https://t.co/9DBQJEePiT,1263526167992205313,140,2020-05-21 17:44:48,SocialFlow,62,22,-1,Negative
2,"Colorful bleaching has been observed since 2010 in coral reefs across the globe, but the mechanism and reasoning be‚Ä¶ https://t.co/lVE6Xna1mK",1263519947822637063,140,2020-05-21 17:20:05,SocialFlow,271,97,1,Positive
3,"Washington, DC, Mayor Muriel Bowser says the District can begin stage one of its reopening on Friday, May 29, if th‚Ä¶ https://t.co/pItzea89N6",1263517436311146496,140,2020-05-21 17:10:06,SocialFlow,93,26,0,Nuetral
4,.@FareedZakaria investigates China and Covid-19. Discover what he learned in the new CNN Special Report ‚Äì China‚Äôs D‚Ä¶ https://t.co/24GJW9PBmk,1263514975924035590,140,2020-05-21 17:00:19,SocialFlow,190,72,1,Positive
5,"The Senate has confirmed GOP Rep. John Ratcliffe as President Trump's top intelligence official, tossing him into a‚Ä¶ https://t.co/uvHZpA65HZ",1263512401363820544,140,2020-05-21 16:50:06,SocialFlow,149,40,1,Positive
6,Almost all of over a dozen entities that forecast the seasonal tropical outlook call for an above-average number of‚Ä¶ https://t.co/SID5YN4KtN,1263509897368539136,140,2020-05-21 16:40:09,SocialFlow,218,84,-1,Negative
7,"Wilson Roosevelt Jerman, a former White House butler who worked under 11 US Presidents, has died after contracting‚Ä¶ https://t.co/gX6cH76GKF",1263509753109643266,139,2020-05-21 16:39:34,SocialFlow,729,204,0,Nuetral
8,Actress Lori Loughlin and fashion designer Mossimo Giannulli have agreed to plead guilty to conspiracy charges in c‚Ä¶ https://t.co/Vx499mEf90,1263507375417430017,140,2020-05-21 16:30:07,SocialFlow,198,49,-1,Negative
9,"Another 2.4 million Americans filed for first-time benefits last week, bringing the total to 38.6 million since mid‚Ä¶ https://t.co/xs1kjEg2lT",1263504865591992320,140,2020-05-21 16:20:09,SocialFlow,324,129,1,Positive
10,A President who ought to be unifying the country seems to be using his office to indulge his own need for attention‚Ä¶ https://t.co/h3DDdV0g3W,1263502328700850176,140,2020-05-21 16:10:04,SocialFlow,668,199,1,Positive
11,New Zealand's Jacinda Ardern has floated the idea of a four-day working week to help the economy in the wake of the‚Ä¶ https://t.co/ybmrEipcuK,1263499823103303681,140,2020-05-21 16:00:07,SocialFlow,263,46,1,Positive
12,"If the US began social distancing a week earlier than it did, it could've prevented at least 36,000 coronavirus dea‚Ä¶ https://t.co/UDlgK8Dz4u",1263497837523992578,140,2020-05-21 15:52:13,SocialFlow,1018,435,-1,Negative
13,"So far, President Trump has resisted covering his face in public or being seen wearing a mask, despite the federal‚Ä¶ https://t.co/SKq6S72qEG",1263494964660576256,139,2020-05-21 15:40:48,SocialFlow,826,188,1,Positive
14,The Trump administration is preparing to withdraw from a major arms treaty designed to reduce the risk of military‚Ä¶ https://t.co/M4WDMAfOUw,1263492257686138888,139,2020-05-21 15:30:03,SocialFlow,282,108,-1,Negative
15,China's rubberstamp parliament has announced that a new national security law in Hong Kong will be on the agenda at‚Ä¶ https://t.co/DjHrFXC59n,1263489733411442693,140,2020-05-21 15:20:01,SocialFlow,365,254,1,Positive
16,Green snow created by blooming algae in the Antarctic Peninsula is likely to spread as temperatures increase as a r‚Ä¶ https://t.co/8Z6hFVA0Fm,1263487232339476480,140,2020-05-21 15:10:05,SocialFlow,248,99,-1,Negative
17,California has quickly repaid a nearly $1.4 billion loan from the federal government used to fund a massive increas‚Ä¶ https://t.co/er0IkaKj1X,1263484724187672579,140,2020-05-21 15:00:07,SocialFlow,354,99,1,Positive
18,"""Trump's 'it will go away' statements about Covid-19 have baffled people who say he's downplaying the threat of the‚Ä¶ https://t.co/B6EmqVgCYd",1263482208700059657,140,2020-05-21 14:50:07,SocialFlow,209,80,0,Nuetral
19,"RT @CNNnewsroom: President Trump is threatening to withhold federal funding from Nevada over mail-in voting.

‚ÄúIt's a piece of political ab‚Ä¶",1263480263109234694,140,2020-05-21 14:42:23,TweetDeck,0,122,0,Nuetral
20,"The resolution in Franklin County, which encompasses Ohio's capital of Columbus, references over 100 studies linkin‚Ä¶ https://t.co/Tcqtm8DVmE",1263479690012110848,140,2020-05-21 14:40:07,SocialFlow,233,78,0,Nuetral
21,US airline industry group Airlines for America says 8.5% of flights are more than 70% full. The group maintains tha‚Ä¶ https://t.co/5UJNgn1LVq,1263477169302446084,140,2020-05-21 14:30:06,SocialFlow,113,32,1,Positive
22,"When ""Pac-Man"" debuted 40 years ago, no one could have predicted it would become the most successful arcade game of‚Ä¶ https://t.co/2biC9aYXsE",1263474628132868096,140,2020-05-21 14:20:00,Twitter Media Studio,850,275,1,Positive
23,"Indian, Indonesian, Ethiopian and Nigerian cooks could teach novices a thing or two, since they've had meat-free ea‚Ä¶ https://t.co/YxcBeATjwK",1263472145449000967,140,2020-05-21 14:10:08,SocialFlow,669,147,1,Positive
24,The Louisville Metro Police Department will require all sworn officers to wear body cameras and will change how the‚Ä¶ https://t.co/XKFWtdNdpn,1263470239737577472,140,2020-05-21 14:02:33,SocialFlow,457,150,0,Nuetral
25,"The company said it expects it lost as much as $1.1 billion between February and May, blaming its losses on lockdow‚Ä¶ https://t.co/hbtpecGNxg",1263467362122113025,140,2020-05-21 13:51:07,SocialFlow,204,65,1,Positive
26,"""In my brief, manic campaign to scrub as much of my personal data as possible and wipe my digital slate clean, I le‚Ä¶ https://t.co/2n3UNGWBlt",1263464591251714052,140,2020-05-21 13:40:07,SocialFlow,226,78,1,Positive
27,JUST IN: Actress Lori Loughlin and fashion designer Mossimo Giannulli have agreed to plead guilty to conspiracy cha‚Ä¶ https://t.co/97a9eMpkRF,1263461254003392512,140,2020-05-21 13:26:51,SocialFlow,845,241,-1,Negative
28,RT @cnni: British health care workers are taking part in a global clinical trial to test the effectiveness of anti-malarial drugs chloroqui‚Ä¶,1263458844103016448,140,2020-05-21 13:17:17,TweetDeck,0,92,0,Nuetral
29,"A shooter at Naval Air Station Corpus Christi in Texas has been ""neutralized,"" the US Navy said in a statement. One‚Ä¶ https://t.co/wHr8cvcdif",1263458666184732672,140,2020-05-21 13:16:34,SocialFlow,418,205,0,Nuetral
30,"Another 2.4 million Americans filed for first-time benefits last week, bringing the total to 38.6 million since mid‚Ä¶ https://t.co/IYZua7p8x9",1263454513681379329,140,2020-05-21 13:00:04,Twitter Media Studio,135,68,1,Positive
31,"JUST IN: Another 2.4 million Americans filed for first-time benefits last week, bringing the total to 38.6 million‚Ä¶ https://t.co/ZuYXYhGXUk",1263451988567699457,139,2020-05-21 12:50:02,SocialFlow,462,246,1,Positive
32,This family discovered two bags containing nearly $1 million in cash while on an afternoon drive‚Ä¶ https://t.co/dy8mJNIo2i,1263450762262261761,121,2020-05-21 12:45:10,SocialFlow,508,111,1,Positive
33,"All newborns delivered to women with Covid-19 infections, confirmed or suspected, should be tested, the US Centers‚Ä¶ https://t.co/NoCuytC7P6",1263446985723518980,139,2020-05-21 12:30:09,SocialFlow,316,88,1,Positive
34,"Here's everything you need to know about the coronavirus pandemic today: https://t.co/e0RO4CX9A5

üì© Sign up to get‚Ä¶ https://t.co/X88SeiGESM",1263443197428195328,139,2020-05-21 12:15:06,SocialFlow,133,37,0,Nuetral
35,"RT @NewDay: Biologist @ErinBromage shares tips on how to celebrate safely this holiday weekend:

- No shared chips, bring your own food

-‚Ä¶",1263442869764919296,139,2020-05-21 12:13:48,TweetDeck,0,43,1,Positive
36,"In less than 12 hours, about 11,000 people evacuated Midland, Michigan, and its surrounding areas after two dams fa‚Ä¶ https://t.co/bSxEYEOTje",1263439430406324224,140,2020-05-21 12:00:08,SocialFlow,234,102,-1,Negative
37,This Tokyo pub has a machine that sprays customers with disinfectant as they enter https://t.co/9MObCX39mA https://t.co/9NuitnD2Nc,1263435640206696448,130,2020-05-21 11:45:04,SocialFlow,729,167,0,Nuetral
38,"Disney Springs ‚Äî Walt Disney World Resort's shopping, dining and entertainment complex ‚Äî has started a phased reope‚Ä¶ https://t.co/6BF1MJHK6J",1263431873889476612,140,2020-05-21 11:30:06,SocialFlow,257,58,-1,Negative
39,"As productions began to shutter in the second week of March, the Food Network was quick to realize the need for pro‚Ä¶ https://t.co/7hMUEp5eUO",1263428092200202243,140,2020-05-21 11:15:05,SocialFlow,310,54,1,Positive
40,"More than 5 million cases of Covid-19 have now been recorded globally, according to data compiled by Johns Hopkins‚Ä¶ https://t.co/ANSr58i7wO",1263424351136886786,139,2020-05-21 11:00:13,SocialFlow,210,88,1,Positive
41,"South Korean football team FC Seoul has said it has been handed a $81,300 fine after being accused of placing sex d‚Ä¶ https://t.co/xhoxAn13W2",1263420558596886529,140,2020-05-21 10:45:09,SocialFlow,384,112,1,Positive
42,"The coronavirus recession will cause Trump to suffer a ""historic defeat"" in November, a national election model rel‚Ä¶ https://t.co/oufPb1bfZA",1263418699798794242,140,2020-05-21 10:37:45,SocialFlow,1839,425,0,Nuetral
43,"Virginia, Texas, Georgia, and Vermont say they've been adding two numbers ‚Äî viral test results and antibody test re‚Ä¶ https://t.co/fA8eRq0Pha",1263414243996708864,140,2020-05-21 10:20:03,SocialFlow,164,67,0,Nuetral
44,A man in Singapore was sentenced to death for drug trafficking last week via a Zoom call as the country's courts ho‚Ä¶ https://t.co/Nrck6NqKhT,1263408968774365185,140,2020-05-21 09:59:05,SocialFlow,172,56,0,Nuetral
45,A man in Singapore was sentenced to death for drug trafficking last week via a Zoom call as the country's courts ho‚Ä¶ https://t.co/c8cfdMpgZt,1263408669674352640,140,2020-05-21 09:57:54,SocialFlow,225,55,0,Nuetral
46,"Two days after the Yellowstone National Park partially reopened following coronavirus restrictions, a woman was inj‚Ä¶ https://t.co/1nkN3qB8RG",1263400402302746625,140,2020-05-21 09:25:03,SocialFlow,342,80,-1,Negative
47,Here's how Covid-19 could change the way we fly https://t.co/0ckU5hcJcl https://t.co/cHFEWWvZ0b,1263397916900818944,95,2020-05-21 09:15:10,SocialFlow,322,103,1,Positive
48,A suspect is in custody after three people were shot Wednesday night at the Westgate Entertainment District in Glen‚Ä¶ https://t.co/GoBo0Vw5yP,1263391624941502465,140,2020-05-21 08:50:10,SocialFlow,206,73,0,Nuetral
49,New Zealand's Jacinda Ardern has floated the idea of a four-day working week to help the economy in the wake of the‚Ä¶ https://t.co/wHKyswmG62,1263387044480458753,140,2020-05-21 08:31:58,SocialFlow,2423,401,1,Positive
50,"""It was as if a tsunami overwhelmed us, especially the oldest people.""

A whole generation was overwhelmed by Covid‚Ä¶ https://t.co/7FVwBb1KJE",1263379934560628736,140,2020-05-21 08:03:43,SocialFlow,239,91,1,Positive
51,"Thousands of people have been left homeless in the wake of Cyclone Amphan, which slammed into India's eastern coast‚Ä¶ https://t.co/vdjDcTs9Bj",1263376492660219905,140,2020-05-21 07:50:02,SocialFlow,206,81,0,Nuetral
52,"At least 5,000,038 cases of Covid-19 have now been recorded globally, according to data compiled by Johns Hopkins U‚Ä¶ https://t.co/wHggId5GZi",1263370217209593856,140,2020-05-21 07:25:06,SocialFlow,337,136,-1,Negative
53,The receptors that let the coronavirus into our cells appear to be less common in children's noses -- which may be‚Ä¶ https://t.co/Rjb4CTWAKw,1263366445167194112,139,2020-05-21 07:10:07,SocialFlow,409,187,-1,Negative
54,A President who ought to be unifying the country seems to be using his office to indulge his own need for attention‚Ä¶ https://t.co/Nfn174QFnD,1263362669500866562,140,2020-05-21 06:55:07,SocialFlow,1527,374,1,Positive
55,Former Vice President Joe Biden and the Democratic National Committee came close to matching the fundraising perfor‚Ä¶ https://t.co/fDcDzQtqwD,1263358888654618624,140,2020-05-21 06:40:05,SocialFlow,182,67,0,Nuetral
56,A suspect is in custody after three people were shot Wednesday night at the Westgate Entertainment District in Glen‚Ä¶ https://t.co/6WpHUBCvIj,1263357920131125248,140,2020-05-21 06:36:14,SocialFlow,278,136,0,Nuetral
57,TikTok's hiring of Disney veteran Kevin Mayer may not be enough to win over the growing number of US lawmakers who‚Ä¶ https://t.co/ZpU156YLfd,1263355102611550208,139,2020-05-21 06:25:03,SocialFlow,297,75,1,Positive
58,"""My dream is to meet every kid in the entire world and give them art."" This girl has sent over 1,500 children in ho‚Ä¶ https://t.co/rs12xrPoVW",1263351365792825344,140,2020-05-21 06:10:12,SocialFlow,4981,811,0,Nuetral
59,Federal regulators have warned for more than 20 years of inadequate spillways at a Michigan dam that was breached T‚Ä¶ https://t.co/CyTueYQGvo,1263349042576318464,140,2020-05-21 06:00:58,SocialFlow,274,114,1,Positive
60,"The USS Theodore Roosevelt has returned to sea, after being docked in Guam for weeks due to a coronavirus outbreak‚Ä¶ https://t.co/P33sI92Szq",1263346292509609984,139,2020-05-21 05:50:02,SocialFlow,245,65,-1,Negative
61,"The United States recorded 23,285 new cases of coronavirus and 1,518 related deaths on Wednesday, according to John‚Ä¶ https://t.co/6ocdnN1EXd",1263342539949715456,140,2020-05-21 05:35:07,SocialFlow,450,230,1,Positive
62,"If the United States had implemented social distancing policies just a week sooner, it could have prevented more th‚Ä¶ https://t.co/gcoNaSHxw5",1263338740149338114,140,2020-05-21 05:20:02,SocialFlow,9178,3390,1,Positive
63,"North Carolina Gov. Roy Cooper said dine-in eating, hair and nail salons, barbershops, churches and pools will be o‚Ä¶ https://t.co/5LpchA12SZ",1263335407401476096,140,2020-05-21 05:06:47,SocialFlow,262,88,0,Nuetral
64,Donald Trump in April 2009 said the Obama administration was handling the ‚Äãearly days of the 2009-2010 H1N1 outbrea‚Ä¶ https://t.co/k9MqrrIX7G,1263333101842956288,140,2020-05-21 04:57:37,SocialFlow,631,197,1,Positive
65,The agency in charge of public transit in New York City announced a pilot program using ultraviolet light lamps in‚Ä¶ https://t.co/nooioDCHSP,1263329929820766211,139,2020-05-21 04:45:01,SocialFlow,638,178,1,Positive
66,Astronomers believe they have observed the first direct evidence of planet birth in a young star system 520 light-y‚Ä¶ https://t.co/ROZElH3ZKx,1263327642259947520,140,2020-05-21 04:35:56,SocialFlow,1742,401,1,Positive
67,A state lawmaker in Illinois has defended his refusal to wear a mask meant to stem the spread of coronavirus after‚Ä¶ https://t.co/PjShXSyoPj,1263324901869527041,139,2020-05-21 04:25:02,SocialFlow,715,137,0,Nuetral
68,"""Given what experts have said about a potential resurgence of the virus and the flu season ... reopening schools th‚Ä¶ https://t.co/W7wQpP2xfa",1263321395435634690,140,2020-05-21 04:11:06,SocialFlow,316,84,0,Nuetral
69,A South Carolina woman who faces assault and battery charges told officials she thought her mail was being stolen b‚Ä¶ https://t.co/26RSHK3ADj,1263318892161753089,140,2020-05-21 04:01:09,SocialFlow,237,91,0,Nuetral
70,The director-general of the World Health Organization on Wednesday said that more cases had been reported to the ag‚Ä¶ https://t.co/5SLtd7rLtc,1263316980121157634,140,2020-05-21 03:53:34,SocialFlow,741,435,1,Positive
71,"Protesters staged a mock funeral at Lafayette Square in Washington, DC, to protest the White House coronavirus resp‚Ä¶ https://t.co/PFDno6Kicv",1263312375064809479,140,2020-05-21 03:35:16,SocialFlow,869,206,0,Nuetral
72,Whereas Democrats are moving forward with a cautious approach ‚Äî setting their convention back by a month and openly‚Ä¶ https://t.co/Vp9ZAGL9gD,1263308803967266817,140,2020-05-21 03:21:04,SocialFlow,248,70,0,Nuetral
73,A coronavirus model that has been cited by the White House is looking to incorporate data on whether Americans wear‚Ä¶ https://t.co/9c4ruxARBW,1263308553026232320,140,2020-05-21 03:20:04,SocialFlow,106,30,0,Nuetral
74,Senate Majority Leader Mitch McConnell has kept fellow Republicans at bay by saying Congress should wait before pas‚Ä¶ https://t.co/KWfQDsjrgR,1263308552380317696,140,2020-05-21 03:20:04,SocialFlow,200,68,0,Nuetral
75,"Coronavirus testing in the United States is disorganized and needs coordination at the national level, infectious d‚Ä¶ https://t.co/GkOalDyJu8",1263308291003777030,140,2020-05-21 03:19:02,SocialFlow,1444,593,0,Nuetral
76,"The University of California is going green.

The university system announced this week that it had divested comple‚Ä¶ https://t.co/HLBmb2zFzM",1263307545256624130,140,2020-05-21 03:16:04,SocialFlow,1028,182,-1,Negative
77,"Struggling farmers and ranchers, many of whom have seen their markets collapse as the coronavirus pandemic upended‚Ä¶ https://t.co/4zwfrqdlEV",1263307299214458880,139,2020-05-21 03:15:05,SocialFlow,180,79,1,Positive
78,"""On Tuesday, there was supposed to be an election in Georgia to fill the seat of a retiring state Supreme Court Jus‚Ä¶ https://t.co/acbWSEEkku",1263307298677628928,140,2020-05-21 03:15:05,SocialFlow,245,128,0,Nuetral
79,China's biggest political gathering of the year is finally taking place after a two-month delay. At the top of the‚Ä¶ https://t.co/VmIPmVhQH3,1263306551483346944,139,2020-05-21 03:12:07,SocialFlow,141,43,1,Positive
80,The pandemic has revived the classic American tradition of the drive-in as a safe way to stay entertained without p‚Ä¶ https://t.co/0C0hRHhL30,1263306548266360832,140,2020-05-21 03:12:06,SocialFlow,267,71,1,Positive
81,NY Gov. Andrew Cuomo calls partisan bickering over ‚Äúbailing out‚Äù blue states around congressional funding bill ‚Äúdis‚Ä¶ https://t.co/ifbX5auYir,1263306268569026561,140,2020-05-21 03:11:00,Twitter Media Studio,783,178,0,Nuetral
82,"AT&amp;T says it will discontinue use of the marketing terms ""5G Evolution"" and ""5G Evolution, The First Step to 5G,"" a‚Ä¶ https://t.co/g0fgcmKHyZ",1263305790779097088,144,2020-05-21 03:09:06,SocialFlow,148,47,1,Positive
83,"Dr. Anthony Fauci, the US' top infectious disease expert, last gave a TV interview on May 4th.

Prior to his recent‚Ä¶ https://t.co/RhcTMPrx4i",1263305538559004679,140,2020-05-21 03:08:06,SocialFlow,1267,452,1,Positive
84,"The coronavirus has set global school enrollment back four decades, as closures and recessions in many countries ha‚Ä¶ https://t.co/69pAeMn6gW",1263305537216708608,140,2020-05-21 03:08:05,SocialFlow,133,60,1,Positive
85,President Trump concluded a White House conference call with Hispanic leaders ostensibly focused on the coronavirus‚Ä¶ https://t.co/gBsSI7Mci6,1263304765615808517,140,2020-05-21 03:05:01,SocialFlow,234,77,0,Nuetral
86,"Norma McCorvey, the anonymous plaintiff in the 1973 US Supreme Court case Roe v. Wade, says in a new documentary th‚Ä¶ https://t.co/jpty3vmyRU",1263304529400999937,140,2020-05-21 03:04:05,SocialFlow,280,98,1,Positive
87,"Just like the difference between reopening plans in Georgia and Connecticut (the last state to begin the process),‚Ä¶ https://t.co/MzuhGRlTqG",1263304280091615245,139,2020-05-21 03:03:06,SocialFlow,173,42,0,Nuetral
88,"House Democrats are asking for more information about why the Department of Transportation's top watchdog, acting I‚Ä¶ https://t.co/VSi4LQvlHx",1263303782961688582,140,2020-05-21 03:01:07,SocialFlow,351,108,1,Positive
89,"""The fact that he is still alive after taking the drug doesn't mean it was the right thing to do,"" says cardiologis‚Ä¶ https://t.co/ZcpXFbSt4J",1263303752439623682,140,2020-05-21 03:01:00,Twitter Media Studio,275,71,1,Positive
90,Health officials in Europe and the United States have reported cases of a rare but serious new syndrome affecting c‚Ä¶ https://t.co/3rHuQqgVjY,1263301349187506184,140,2020-05-21 02:51:27,SocialFlow,210,87,1,Positive
91,"""I'm really saddened that it's been sidelined this way ... It ought to be leading the response against coronavirus.‚Ä¶ https://t.co/xF5a9BSiSi",1263298719044247553,140,2020-05-21 02:41:00,Twitter Media Studio,416,182,1,Positive
92,Charles Barkley says it's not safe for the NCAA to go through with plans to permit Division I football &amp; basketball‚Ä¶ https://t.co/cz15SVpUi2,1263298597224759296,144,2020-05-21 02:40:31,Twitter Media Studio,606,179,-1,Negative
93,"HBO Max is releasing the fabled ""Snyder Cut"" of ""Justice League,"" which is director Zack Snyder's alternate version‚Ä¶ https://t.co/3ywo250jw3",1263297453744406528,140,2020-05-21 02:35:58,SocialFlow,296,63,1,Positive
94,‚ÄúIt continues to concern me that he‚Äôs not listening to these experts. The CDC has survived multiple administrations‚Ä¶ https://t.co/x47HYCrn8L,1263296202365374465,140,2020-05-21 02:31:00,Twitter Media Studio,508,158,0,Nuetral
95,A woman has won a Picasso painting worth $1.1 million (1 million euros) in a fundraising raffle overseen by auction‚Ä¶ https://t.co/PDOL8jeXa0,1263295928091492352,140,2020-05-21 02:29:54,SocialFlow,270,48,1,Positive
96,"‚ÄúMy message to Delawareans is, social distancing is working, but now is not the time to let up as we gradually reop‚Ä¶ https://t.co/lb9GlcXQqD",1263293685753450496,140,2020-05-21 02:21:00,Twitter Media Studio,281,64,1,Positive
97,"Health officials in at least 3 states have been combining Covid-19 data on diagnostic tests and antibody tests, ske‚Ä¶ https://t.co/62geY8HuB5",1263293190389534721,140,2020-05-21 02:19:02,SocialFlow,175,70,-1,Negative
98,An upcoming NASA telescope has been named the Nancy Grace Roman Space Telescope in honor of the agency's first chie‚Ä¶ https://t.co/xZSWMbKmBP,1263291431948562440,140,2020-05-21 02:12:02,SocialFlow,317,65,1,Positive
99,Wisconsin state legislators have introduced a new bill aimed at sending absentee ballot applications to all registe‚Ä¶ https://t.co/3r5zYmBELq,1263291193917652992,140,2020-05-21 02:11:06,SocialFlow,284,62,1,Positive
100,"‚ÄúHope is a good thing, but hope has to be grounded in facts and full information‚Ä¶ you got to give people the caveat‚Ä¶ https://t.co/kbHUhlmkMs",1263291169217208321,140,2020-05-21 02:11:00,Twitter Media Studio,156,48,1,Positive
101,"The Missouri School Board Association has released a draft of its plan to reopen K-12 schools, including an alterna‚Ä¶ https://t.co/aik47yDOah",1263289942261760000,140,2020-05-21 02:06:07,SocialFlow,119,38,0,Nuetral
102,"Boston College plans to reopen for on-campus classes on August 31 as scheduled, according to an email sent to the B‚Ä¶ https://t.co/ROPYIWDZHG",1263288919115870208,140,2020-05-21 02:02:03,SocialFlow,176,47,0,Nuetral
103,"Dr. William Haseltine has concerns with companies announcing drug trial progress without evidence. ""It's dangerous‚Ä¶ https://t.co/cfnvRuHpkt",1263288652765040641,139,2020-05-21 02:01:00,Twitter Media Studio,222,69,-1,Negative
104,The news that President Trump's White House may not be hosting a ceremonial unveiling of former President Obama's W‚Ä¶ https://t.co/DTLY6sqy2a,1263288234869755904,140,2020-05-21 01:59:20,SocialFlow,1830,379,1,Positive
105,"RT @AC360: .@andersoncooper: ‚ÄúWith today seeing the largest single day increase in global coronavirus, with more than 93,000 Americans now‚Ä¶",1263287468968706049,139,2020-05-21 01:56:18,TweetDeck,0,742,1,Positive
106,Sen. Chuck Schumer says the firing of the State Department IG investigating Secretary of State Mike Pompeo shows th‚Ä¶ https://t.co/oWumFVOm69,1263287363846803456,140,2020-05-21 01:55:52,Twitter Media Studio,407,100,0,Nuetral
107,"RT @OutFrontCNN: For the first time since officials began implementing widespread lockdowns to slow the spread of coronavirus, all 50 state‚Ä¶",1263286439325822976,140,2020-05-21 01:52:12,TweetDeck,0,27,-1,Negative
108,"""We're adding in a layer of about 100 to 150 individuals that are going to be called beach ambassadors. They'll be‚Ä¶ https://t.co/vitAhIWnXs",1263286135918297090,139,2020-05-21 01:51:00,Twitter Media Studio,130,38,0,Nuetral
109,An NFL player claims in a lawsuit filed against United Airlines that flight staff ignored numerous complaints as he‚Ä¶ https://t.co/57T6wje6AB,1263285829658705921,140,2020-05-21 01:49:47,SocialFlow,238,65,0,Nuetral
110,"RT @TheLeadCNN: ‚ÄúThe whole reason we‚Äôre having this conversation is because of what you said about the CDC on Sunday,‚Äù @jaketapper presses‚Ä¶",1263285595176005632,139,2020-05-21 01:48:51,TweetDeck,0,105,1,Positive
111,A nurse recovering from coronavirus posted stunning pictures of the impact the virus and hospital stay had on his b‚Ä¶ https://t.co/Vt7DPDquEN,1263285047806660608,140,2020-05-21 01:46:40,Twitter Media Studio,511,240,1,Positive
112,"Mark Shaffer, a parent suing George Washington University as it went online-only: ‚ÄúMost universities that do strict‚Ä¶ https://t.co/n2KJiGTTI2",1263284219016409094,140,2020-05-21 01:43:23,Twitter Media Studio,377,92,1,Positive
113,"‚ÄúIf you start stripping out the middle seat‚Ä¶it doesn't actually give you proper social distancing,‚Äù says Sara Nelso‚Ä¶ https://t.co/GVIzj5lZgG",1263283325386412032,140,2020-05-21 01:39:50,Twitter Media Studio,156,42,1,Positive
114,"As meat prices increase, here are some easy ways to seek out alternatives.

ü•ó Designate one day each week for meatl‚Ä¶ https://t.co/4dfQzkzlYE",1263282631057301506,140,2020-05-21 01:37:04,SocialFlow,278,91,1,Positive
115,Former Veterans Affairs Sec. David Shulkin on President Trump taking hydroxychloroquine: ‚ÄúI‚Äôm concerned about the w‚Ä¶ https://t.co/7NVMWmYJ1b,1263282532058935298,140,2020-05-21 01:36:40,Twitter Media Studio,264,72,-1,Negative
116,"Steelers quarterback Ben Roethlisberger got a haircut, defying lockdown orders ‚Äî and Pennsylvania‚Äôs governor wasn‚Äôt‚Ä¶ https://t.co/eN51R2eBTz",1263282312587776000,140,2020-05-21 01:35:48,Twitter Media Studio,112,34,0,Nuetral
117,"""Data is one thing, but behavior impacts that data so closely... so far the folks have really taken this seriously.‚Ä¶ https://t.co/fDmi42QqwC",1263282222477406208,140,2020-05-21 01:35:27,Twitter Media Studio,91,24,-1,Negative
118,"RT @CNNnewsroom: .@SenatorMenendez is part of a bipartisan push for more funding to states via the SMART Act.

""This isn‚Äôt a red or blue is‚Ä¶",1263282043493834753,140,2020-05-21 01:34:44,TweetDeck,0,42,1,Positive
119,The US Census Bureau has released the first results from its new ‚Äúpulse survey‚Äù in response to the coronavirus pand‚Ä¶ https://t.co/XhOOJcW2mY,1263279770172829696,140,2020-05-21 01:25:42,SocialFlow,184,81,1,Positive
120,"This man thought his pet donkey would not remember him after he had been under quarantine, but the beloved animal g‚Ä¶ https://t.co/j2GKFiuIip",1263277822900146176,140,2020-05-21 01:17:58,SocialFlow,2976,520,1,Positive
121,Asian Americans in NYC's Chinatown say the crisis has hit their community especially hard. One community leader say‚Ä¶ https://t.co/R1ocabruq2,1263275332209184768,140,2020-05-21 01:08:04,SocialFlow,160,40,-1,Negative
122,"Phase two of Connecticut‚Äôs reopening is slated for June 20, Gov. Ned Lamont says.

Several indoor facilities, inclu‚Ä¶ https://t.co/OVEhj7vBqO",1263272557576441858,140,2020-05-21 00:57:02,SocialFlow,117,33,0,Nuetral
123,More than half the counties in California are moving further into phase two of the state‚Äôs four-phased approach to‚Ä¶ https://t.co/0mXNB3Sx9B,1263269160907411458,139,2020-05-21 00:43:33,SocialFlow,202,42,1,Positive
124,"Tesla has dropped a federal lawsuit against Alameda County over health orders due to the pandemic.

CEO Elon Musk d‚Ä¶ https://t.co/JITrsibiN0",1263265798505795584,140,2020-05-21 00:30:11,SocialFlow,201,54,-1,Negative
125,A federal appeals court has temporarily halted a lower court judge's ruling that would have allowed all registered‚Ä¶ https://t.co/0zQMqKBSaT,1263262898987696128,139,2020-05-21 00:18:40,SocialFlow,179,101,0,Nuetral
126,President Trump's former personal attorney Michael Cohen will be released early from prison on Thursday and is expe‚Ä¶ https://t.co/uzUA1h8r2t,1263262340272791555,140,2020-05-21 00:16:26,SocialFlow,421,115,1,Positive
127,People and businesses around the world are getting creative in an effort to safely socialize. CNN asked a health ex‚Ä¶ https://t.co/RZrKsNvdQW,1263259433083297793,140,2020-05-21 00:04:53,SocialFlow,373,159,1,Positive
128,"United Airlines' new CEO says he hopes to avoid staff cuts, despite the need to significantly reduce labor costs in‚Ä¶ https://t.co/BWY2pMPKZK",1263256971886628866,140,2020-05-20 23:55:06,SocialFlow,163,38,1,Positive
129,"Fragments from the Dead Sea Scrolls were stowed away, deemed largely worthless.

But researchers have found that 4‚Ä¶ https://t.co/mqAnr3zzjm",1263252497348661253,139,2020-05-20 23:37:20,SocialFlow,843,179,-1,Negative
130,"NASA's chief of human spaceflight, Doug Loverro, is departing the space agency after just six months in the role. I‚Ä¶ https://t.co/ZUybB9LVbs",1263247864169406465,140,2020-05-20 23:18:55,SocialFlow,157,41,0,Nuetral
131,"Federal authorities want a rare, ancient artifact returned to Iraq after it was sold to a US craft store for $1.6 m‚Ä¶ https://t.co/ukNlUSimrm",1263243298916925441,140,2020-05-20 23:00:47,SocialFlow,303,115,1,Positive
132,"Fans have begged for Warner Bros. to release the infamous ""Snyder Cut"" of ""Justice League"" ‚Äî an extended version of‚Ä¶ https://t.co/8RU2ms4DXy",1263240866791120903,140,2020-05-20 22:51:07,SocialFlow,1562,483,-1,Negative
133,Months after LA County sheriff's deputies were accused of sharing graphic photos from the crash that killed Kobe Br‚Ä¶ https://t.co/p9nNTh4MF5,1263237609469489152,140,2020-05-20 22:38:10,SocialFlow,1210,195,-1,Negative
134,"Here's a look at the business stories you need to read today.

‚û°Ô∏è The latest in the saga of former Nissan chairman‚Ä¶ https://t.co/6VVxaTONuC",1263233792577282050,139,2020-05-20 22:23:00,SocialFlow,91,30,1,Positive
135,Illinois Gov. J.B. Pritzker has said restaurants in Illinois can offer outdoor seating to patrons with certain addi‚Ä¶ https://t.co/ZXODinwt6d,1263229988276506625,140,2020-05-20 22:07:53,SocialFlow,182,46,1,Positive
136,"On tonight's #TheDailyDC podcast, we go inside ""Team Trump Online,"" the Trump campaign's nightly livestream, and br‚Ä¶ https://t.co/cRQKYeTfya",1263225646609768451,140,2020-05-20 21:50:38,SocialFlow,102,24,0,Nuetral
137,"As part of its $2 trillion coronavirus aid package, the federal government cleared the way for struggling homeowner‚Ä¶ https://t.co/phSDNQDRWe",1263224426688065544,140,2020-05-20 21:45:47,SocialFlow,164,59,0,Nuetral
138,This family discovered two bags containing nearly $1 million in cash while on an afternoon drive‚Ä¶ https://t.co/5H40OuhDY6,1263220446171926528,121,2020-05-20 21:29:58,SocialFlow,376,115,1,Positive
139,From pushing conspiracy theories to saying he's taking an unproven and potentially harmful drug to ward off coronav‚Ä¶ https://t.co/PMZuANSoSU,1263216610862665729,140,2020-05-20 21:14:44,SocialFlow,646,223,0,Nuetral
140,"Just days after reopening its American assembly plants, Ford temporarily shut down two separate factories because e‚Ä¶ https://t.co/CxH6e8gptG",1263204716932104193,140,2020-05-20 20:27:28,SocialFlow,717,479,-1,Negative
141,"Target, Walmart, Amazon and Home Depot have all reported sales increases during their latest quarters, but said tha‚Ä¶ https://t.co/QEj7XCMsez",1263204560950132736,140,2020-05-20 20:26:51,SocialFlow,158,48,1,Positive
142,JUST IN: The Supreme Court has temporarily blocked the release of Mueller grand jury material to the Democratic-led‚Ä¶ https://t.co/bcwmCD1xMl,1263204552184135680,140,2020-05-20 20:26:49,SocialFlow,579,202,1,Positive
143,President Trump will likely decide within the next few days whether to host the G7 in person after he publicly rais‚Ä¶ https://t.co/7zO8EJ8oJW,1263200721534681094,140,2020-05-20 20:11:35,SocialFlow,175,61,-1,Negative
144,"Witnesses' videos and images show just how much water was unleashed when Michigan's Edenville Dam failed.

Official‚Ä¶ https://t.co/ZtthvIFllX",1263196915166052354,140,2020-05-20 19:56:28,SocialFlow,456,220,-1,Negative
145,"One day after reopening a Chicago assembly plant, Ford has temporarily shut down the factory because two employees‚Ä¶ https://t.co/9JZc0PehI0",1263192821097541634,139,2020-05-20 19:40:12,SocialFlow,554,293,-1,Negative
146,Activists are protesting the shortage of affordable housing ‚Äî a longstanding crisis worsened by the coronavirus pan‚Ä¶ https://t.co/oACpvZFiAB,1263187517425233922,140,2020-05-20 19:19:07,SocialFlow,279,115,0,Nuetral
147,"A Japanese woman known as ""Gamer Grandma"" to her 250,000 YouTube subscribers, started gaming almost 40 years ago.‚Ä¶ https://t.co/iZhslWuA87",1263182987467927560,138,2020-05-20 19:01:07,SocialFlow,955,218,0,Nuetral
148,"It is becoming increasingly evident that hurricanes, typhoons, and tropical cyclones worldwide are becoming stronge‚Ä¶ https://t.co/Zh7QpXyuxa",1263180203288821761,140,2020-05-20 18:50:03,SocialFlow,613,255,1,Positive
149,Johnson &amp; Johnson is abandoning a product that it may be most identified with and has been selling for more than 10‚Ä¶ https://t.co/ZUK9da5g4b,1263177716473479170,144,2020-05-20 18:40:10,SocialFlow,451,234,1,Positive
150,"""My dream is to meet every kid in the entire world and give them art."" This girl has sent over 1,500 children in ho‚Ä¶ https://t.co/Zk19uVVh8a",1263175175513821185,140,2020-05-20 18:30:05,SocialFlow,1691,285,0,Nuetral
151,"Dr. James ""Charlie"" Mahoney, a doctor who died while on the front line of the fight against coronavirus, had been a‚Ä¶ https://t.co/lk0xXTzLry",1263172659136696320,140,2020-05-20 18:20:05,SocialFlow,870,233,0,Nuetral
152,The fate of CDC director Dr. Robert Redfield is in question https://t.co/sBlrnSrNvT,1263170160887828483,83,2020-05-20 18:10:09,SocialFlow,207,80,0,Nuetral
153,"CDC sources say the White House is putting politics ahead of science, which is worsening the impacts of the coronav‚Ä¶ https://t.co/cXAuEpVnQQ",1263167617294008324,140,2020-05-20 18:00:03,SocialFlow,637,294,0,Nuetral
154,"Thousands evacuate after dams fail, and Michigan's governor warns that a city of 41,000 people could soon be under‚Ä¶ https://t.co/iD6BOxQ7WJ",1263165347919810561,139,2020-05-20 17:51:02,SocialFlow,224,116,-1,Negative
155,"President Trump has tweeted his congratulations to Tiffany Trump, the fourth of his five children, in support of he‚Ä¶ https://t.co/yjlq0yqxTr",1263162585370804224,140,2020-05-20 17:40:03,SocialFlow,3214,273,0,Nuetral
156,"Across the United States, store workers are having to help enforce the rules designed to keep their workplaces oper‚Ä¶ https://t.co/bFfS6bmucK",1263160095229214726,140,2020-05-20 17:30:09,SocialFlow,245,88,0,Nuetral
157,"The Georgia Bureau of Investigation searched the home of two men charged in the death of Ahmaud Arbery, the agency‚Ä¶ https://t.co/ig5dudK55N",1263157564327542784,139,2020-05-20 17:20:06,SocialFlow,374,98,0,Nuetral
158,"Sears has been in trouble for years, but the coronavirus pandemic could be the end. https://t.co/m5RhPsJu85",1263155030472957953,107,2020-05-20 17:10:02,SocialFlow,201,65,-1,Negative
159,Another heir of Walt Disney is publicly expressing disgust with the company his grandfather founded for furloughing‚Ä¶ https://t.co/zGuiEIApWX,1263152558190755841,140,2020-05-20 17:00:12,SocialFlow,1642,454,0,Nuetral
160,The agency in charge of public transit in New York City announced a pilot program using ultraviolet light lamps in‚Ä¶ https://t.co/BX6xc209CM,1263150002441986050,139,2020-05-20 16:50:03,SocialFlow,616,185,1,Positive
161,A Senate panel has voted to issue a subpoena as part of the GOP-led investigation into the Ukrainian energy firm th‚Ä¶ https://t.co/ueRybKj3OK,1263147490519416832,140,2020-05-20 16:40:04,SocialFlow,231,66,-1,Negative
162,"National unemployment stands at a jaw-dropping 14.7%, but the rate rises to 25.7% for those aged 20-24, according t‚Ä¶ https://t.co/ypdTIWpQgO",1263144986192875520,140,2020-05-20 16:30:07,SocialFlow,348,141,-1,Negative
163,"The success of a British production of ""The Tempest"" ‚Äî performed on video conferencing app Zoom ‚Äî proves that, desp‚Ä¶ https://t.co/ZrGozZA4zt",1263139950360432641,140,2020-05-20 16:10:06,SocialFlow,234,54,1,Positive
164,"With gyms still closed in most US states and many online fitness sites sold out of equipment, finding safe and effe‚Ä¶ https://t.co/0gEpqcM5Mb",1263137439792672769,140,2020-05-20 16:00:08,SocialFlow,203,51,1,Positive
165,The singer who doesn't like to show the world her face is giving us a glimpse of her heart https://t.co/3LxsvU3kuH,1263134926989377536,114,2020-05-20 15:50:09,SocialFlow,1137,154,0,Nuetral
166,"Secretary of State Mike Pompeo defended his push to have his department's inspector general fired, saying he ""shoul‚Ä¶ https://t.co/1PsxFrGg8s",1263132405579177984,140,2020-05-20 15:40:08,SocialFlow,168,77,1,Positive
167,"""Former Vice President Joe Biden may be favored in the 2020 presidential election, but this race is far from over,""‚Ä¶ https://t.co/PsuGibe2t5",1263129887965052935,140,2020-05-20 15:30:07,SocialFlow,200,63,1,Positive
168,Two Massachusetts men accused of helping to smuggle former Nissan chief executive Carlos Ghosn out of Japan late la‚Ä¶ https://t.co/WqDQp8Hxlq,1263127362646020096,140,2020-05-20 15:20:05,SocialFlow,210,101,-1,Negative
169,The body of 39-year-old former WWE star Shad Gaspard has been found on a California beach three days after he went‚Ä¶ https://t.co/yx2yP6BbsQ,1263124847934214147,139,2020-05-20 15:10:06,SocialFlow,251,100,1,Positive
170,"The F-35 pilot ""successfully ejected"" and was taken to a hospital on Elgin Air Force Base ""for evaluation and monit‚Ä¶ https://t.co/9KQDG8CIGg",1263122378072248321,140,2020-05-20 15:00:17,SocialFlow,235,73,-1,Negative
171,Target's online sales skyrocketed 141% last quarter as the big box chain benefited from Americans shopping in bulk‚Ä¶ https://t.co/3ITuUiRXYc,1263119815277006850,139,2020-05-20 14:50:06,SocialFlow,175,44,0,Nuetral
172,"Matt Lauer had been looking for an opportune time to publish a piece responding to Ronan Farrow's ""Catch &amp; Kill,"" w‚Ä¶ https://t.co/bPGA0L9tJR",1263117298300342273,144,2020-05-20 14:40:06,SocialFlow,140,50,0,Nuetral
173,"Thousands are under evacuation orders in mid-Michigan this morning, a day after two dams failed following heavy rai‚Ä¶ https://t.co/MfS4pO3Z3G",1263114784666464257,140,2020-05-20 14:30:06,SocialFlow,205,85,-1,Negative
174,"Almost immediately after special counsel Robert Mueller closed his investigation last year, Attorney General Willia‚Ä¶ https://t.co/OAKwTd0op6",1263112253311762432,140,2020-05-20 14:20:03,SocialFlow,277,145,1,Positive
175,Purdue University President Mitch Daniels says some professors will teach behind Plexiglas in the fall https://t.co/2LLP5OPClq,1263109739359207426,126,2020-05-20 14:10:03,SocialFlow,190,73,-1,Negative
176,"US stocks have opened higher, rebounding from the prior day's session. Follow live updates. https://t.co/NvlZ4XZu9m",1263107236940918785,115,2020-05-20 14:00:07,SocialFlow,116,41,1,Positive
177,"The World Bank says the coronavirus pandemic could push as many as 60 million people into extreme poverty, which it‚Ä¶ https://t.co/Z9KitXWPUK",1263104721197215744,140,2020-05-20 13:50:07,SocialFlow,456,268,1,Positive
178,"""My dream is to meet every kid in the entire world and give them art."" This girl has sent over 1,500 children in ho‚Ä¶ https://t.co/efhIQaBxur",1263102200907210752,140,2020-05-20 13:40:06,SocialFlow,4432,768,0,Nuetral
179,Hillary Clinton's 2016 bid for the presidency ended in a demoralizing defeat for Democrats. But it could provide Jo‚Ä¶ https://t.co/y7h434tAV5,1263099710157488129,140,2020-05-20 13:30:12,SocialFlow,723,121,0,Nuetral
180,There are several ongoing studies in the US to see if hydroxychloroquine successfully prevents frontline medical wo‚Ä¶ https://t.co/R4mZjdJSLo,1263097165989191684,140,2020-05-20 13:20:06,SocialFlow,270,87,1,Positive
181,Cyclone Amphan makes landfall near the border of India and Bangladesh with sustained winds of 160 kph. Follow live‚Ä¶ https://t.co/kgSWQlu7re,1263094652405776384,139,2020-05-20 13:10:06,SocialFlow,190,84,1,Positive
182,"Trump's conflicts with federal judges have been frequent and conspicuous. Now, judges are joining the scorning and‚Ä¶ https://t.co/9x3JTuautn",1263092171835691008,139,2020-05-20 13:00:15,SocialFlow,189,65,1,Positive
183,Astronomers believe they have observed the first direct evidence of planet birth in a young star system 520 light-y‚Ä¶ https://t.co/ZuiwjNi1KY,1263088335779758080,140,2020-05-20 12:45:00,SocialFlow,1266,318,1,Positive
184,"Here's everything you need to know about the coronavirus pandemic today: https://t.co/XqKGFvlZ8t

üì© Sign up to get‚Ä¶ https://t.co/VlVo0txcDc",1263084582506725382,139,2020-05-20 12:30:06,SocialFlow,96,31,0,Nuetral
185,"CDC sources say the White House is putting politics ahead of science, which is worsening the impacts of the coronav‚Ä¶ https://t.co/wDPWyE3CrP",1263080802012860417,140,2020-05-20 12:15:04,SocialFlow,1848,728,0,Nuetral
186,"How cycling's Team Novo Nordisk turned type 1 diabetes into its ""greatest strength"" https://t.co/CSE6GA1d9H https://t.co/5tTyvJITRu",1263077011901362181,131,2020-05-20 12:00:01,Twitter Media Studio,208,61,1,Positive
187,"For the first time since US officials began implementing lockdowns to slow the spread of Covid-19, all 50 states ar‚Ä¶ https://t.co/ppnd2omSBx",1263073253993709570,140,2020-05-20 11:45:05,SocialFlow,293,116,-1,Negative
188,"""The competitiveness was always there, but he knew when to turn it off and when to turn it on."" Michael Jordan's da‚Ä¶ https://t.co/M1WtxrlkkV",1263069481439580160,140,2020-05-20 11:30:05,SocialFlow,349,68,0,Nuetral
189,Dutch authorities believe that a mink may have infected a human with Covid-19 and are instituting mandatory testing‚Ä¶ https://t.co/CXlhE1eX6E,1263065705089507328,140,2020-05-20 11:15:05,SocialFlow,289,116,0,Nuetral
190,"East Coast viewers expecting to see the ""CBS Evening News"" on Tuesday were perhaps puzzled when the broadcast faile‚Ä¶ https://t.co/SjC4GSKRt7",1263062684444045317,140,2020-05-20 11:03:05,SocialFlow,115,27,0,Nuetral
191,Michigan Gov. Gretchen Whitmer declared a state of emergency for Midland County after both the Edenville and Sanfor‚Ä¶ https://t.co/HWy0gACPhV,1263061002276519937,140,2020-05-20 10:56:24,SocialFlow,549,259,0,Nuetral
192,RT @NewDay: The CDC has posted 60 pages of detailed guidelines on how to reopen the US. The guidance was a slightly shorter version of a 68‚Ä¶,1263059798989438976,140,2020-05-20 10:51:37,TweetDeck,0,125,1,Positive
193,Top Republicans on Capitol Hill are pumping the brakes on new coronavirus stimulus spending days after House Democr‚Ä¶ https://t.co/2KLyJUihQO,1263055184911007745,140,2020-05-20 10:33:17,SocialFlow,193,89,1,Positive
194,"The kids are bummed. Parents are super-bummed.

There are still plenty of ideas for salvaging summer camp ‚Äî most fo‚Ä¶ https://t.co/uV6E5tQ2UE",1263053334279323648,140,2020-05-20 10:25:55,SocialFlow,149,33,1,Positive
195,"Bangladesh has evacuated around 2 million people and set up 12,078 cyclone centers, an official has said. 

Cyclone‚Ä¶ https://t.co/1vlvjl2toi",1263048833010929664,140,2020-05-20 10:08:02,SocialFlow,267,73,0,Nuetral
196,"Russia reported 8,764 new cases of coronavirus on Wednesday, bringing the country's total to at least 308,705.

The‚Ä¶ https://t.co/fq6ObyvdcO",1263042806819565569,140,2020-05-20 09:44:06,SocialFlow,269,97,-1,Negative
197,Have you ever walked through a cloud? Maybe driven through a cloud? Fog is actually a cloud ‚Äî a cloud on the ground‚Ä¶ https://t.co/UF4maztcu1,1263040533120811015,140,2020-05-20 09:35:03,SocialFlow,247,49,0,Nuetral
198,Johnson &amp; Johnson is abandoning a product that it may be most identified with and has been selling for more than 10‚Ä¶ https://t.co/05wqQGk2mu,1263039044352606209,144,2020-05-20 09:29:08,SocialFlow,824,381,1,Positive
199,"For the first time since officials began implementing widespread lockdowns to slow the spread of coronavirus, all 5‚Ä¶ https://t.co/LBb2gwaQ7s",1263035173907640326,140,2020-05-20 09:13:46,SocialFlow,156,55,-1,Negative
